{
    "L1_BW": 1565.646341,
    "L2_BW": 885.2505747,
    "GMEM_BW": 675.125,
    "HALF_PEAK": 30759.35,
    "FP_SINGLE_PEAK": 25842,
    "FP_DOUBLE_PEAK": 413.29,
    "INT_PEAK": 13458.75
}